seq,actor,atMs,type,flagValue,cell,row,column,safeDelta,revealedSafe,flagsBefore,flagsAfter,exploded,classification,riskValue,riskSource,provenSafeAvailable,frontierCells,componentCount,solverNodes,solverExactComplete,solverCutoff,opponentSource,decisionLatencyMs
2,human,600,reveal,,69,8,7,1,54,0,0,false,proven_safe,0,proof,18,0,0,0,true,,,
3,jev,1000,reveal,,25,3,8,1,48,0,0,false,proven_safe,0,proof,20,6,1,31,true,,local,2.045900000000003
4,human,1200,reveal,,70,8,8,1,55,0,0,false,proven_safe,0,proof,17,0,0,0,true,,,
5,human,1800,reveal,,64,8,2,1,56,0,0,false,proven_safe,0,proof,16,0,0,0,true,,,
6,jev,2000,reveal,,16,2,8,1,49,0,0,false,proven_safe,0,proof,19,6,1,31,true,,local,0.9052999999999969
7,human,2400,reveal,,68,8,6,1,57,0,0,false,proven_safe,0,proof,15,0,0,0,true,,,
8,human,3000,reveal,,63,8,1,1,58,0,0,false,proven_safe,0,proof,14,0,0,0,true,,,
9,jev,3000,reveal,,19,3,2,1,50,0,0,false,proven_safe,0,proof,18,6,1,31,true,,local,0.5550999999999959
10,human,3600,reveal,,71,8,9,1,59,0,0,false,proven_safe,0,proof,13,0,0,0,true,,,
11,jev,4000,reveal,,1,1,2,1,51,0,0,false,proven_safe,0,proof,21,8,1,59,true,,local,0.6944000000000017
12,human,4200,reveal,,53,6,9,1,60,0,0,false,proven_safe,0,proof,12,0,0,0,true,,,
13,human,4800,reveal,,60,7,7,1,61,0,0,false,proven_safe,0,proof,11,0,0,0,true,,,
14,jev,5000,reveal,,7,1,8,8,59,0,0,false,proven_safe,0,proof,20,7,1,35,true,,local,0.6765000000000043
15,human,5400,reveal,,73,9,2,1,62,0,0,false,proven_safe,0,proof,10,0,0,0,true,,,
16,human,6000,reveal,,75,9,4,1,63,0,0,false,proven_safe,0,proof,9,0,0,0,true,,,
17,jev,6000,reveal,,9,2,1,1,60,0,0,false,proven_safe,0,proof,12,7,1,35,true,,local,0.37770000000000437
18,human,6600,reveal,,77,9,6,5,68,0,0,false,proven_safe,0,proof,8,0,0,0,true,,,
19,jev,7000,reveal,,18,3,1,1,61,0,0,false,proven_safe,0,proof,11,0,0,0,true,,local,0.37290000000000134
20,human,7200,reveal,,5,1,6,1,69,0,0,false,proven_safe,0,proof,3,0,0,0,true,,,
21,human,7800,reveal,,62,7,9,1,70,0,0,false,proven_safe,0,proof,2,0,0,0,true,,,
22,jev,8000,reveal,,36,5,1,1,62,0,0,false,proven_safe,0,proof,10,0,0,0,true,,local,0.3552999999999997
23,human,8400,reveal,,72,9,1,1,71,0,0,false,proven_safe,0,proof,1,0,0,0,true,,,
