seq,atMs,actor,event,humanSafe,jevSafe,humanLead,humanStatus,jevStatus
1,0,human,start,53,47,6,active,active
2,600,human,action,54,47,7,active,active
3,1000,jev,action,54,48,6,active,active
4,1200,human,action,55,48,7,active,active
5,1800,human,action,56,48,8,active,active
6,2000,jev,action,56,49,7,active,active
7,2400,human,action,57,49,8,active,active
8,3000,human,action,58,49,9,active,active
9,3000,jev,action,58,50,8,active,active
10,3600,human,action,59,50,9,active,active
11,4000,jev,action,59,51,8,active,active
12,4200,human,action,60,51,9,active,active
13,4800,human,action,61,51,10,active,active
14,5000,jev,action,61,59,2,active,active
15,5400,human,action,62,59,3,active,active
16,6000,human,action,63,59,4,active,active
17,6000,jev,action,63,60,3,active,active
18,6600,human,action,68,60,8,active,active
19,7000,jev,action,68,61,7,active,active
20,7200,human,action,69,61,8,active,active
21,7800,human,action,70,61,9,active,active
22,8000,jev,action,70,62,8,active,active
23,8400,human,action,71,62,9,cleared,active
24,9000,system,adjudicate,71,62,9,cleared,active
